Assembly Accession	Lineage	Lineage (reformat)	No. proteins	BUSCO database	BUSCO result	Complete BUSCOs (C)	Complete and single-copy BUSCOs (S)	Complete and duplicated BUSCOs (D)	Fragmented BUSCOs (F)	Missing BUSCOs (M)	Total BUSCO groups searched
GCA_030737835.1	Liliopsida;Acorales;Acoraceae;Acorus;Acorus gramineus	Eukaryota;Streptophyta;Magnoliopsida;Acorales;Acoraceae;Acorus;Acorus gramineus	25727	liliopsida_odb10	C:89.7%[S:78.0%,D:11.7%],F:5.8%,M:4.5%,n:3236	89.7	78	11.7	5.8	4.5	3236
GCA_037176725.1	Liliopsida;Alismatales;Posidoniaceae;Posidonia;Posidonia oceanica	Eukaryota;Streptophyta;Magnoliopsida;Alismatales;Posidoniaceae;Posidonia;Posidonia oceanica	24683	liliopsida_odb10	C:83.5%[S:79.3%,D:4.2%],F:8.9%,M:7.6%,n:3236	83.5	79.3	4.2	8.9	7.6	3236
GCA_012295165.1	Liliopsida;Petrosaviidae;Asparagales;Asparagaceae;Asparagoideae;Asparagus;Asparagus setaceus	Eukaryota;Streptophyta;Magnoliopsida;Asparagales;Asparagaceae;Asparagus;Asparagus setaceus	32474	liliopsida_odb10	C:79.1%[S:72.8%,D:6.3%],F:9.8%,M:11.1%,n:3236	79.1	72.8	6.3	9.8	11.1	3236
GCA_006176705.1	Liliopsida;Petrosaviidae;commelinids;Arecales;Arecaceae;Arecoideae;Cocoseae;Attaleinae;Cocos;Cocos nucifera	Eukaryota;Streptophyta;Magnoliopsida;Arecales;Arecaceae;Cocos;Cocos nucifera	31565	liliopsida_odb10	C:87.4%[S:76.8%,D:10.6%],F:8.2%,M:4.4%,n:3236	87.4	76.8	10.6	8.2	4.4	3236
GCA_027726005.1	Liliopsida;Petrosaviidae;commelinids;Poales;Juncaceae;Juncus;Juncus effusus	Eukaryota;Streptophyta;Magnoliopsida;Poales;Juncaceae;Juncus;Juncus effusus	29099	liliopsida_odb10	C:88.0%[S:84.8%,D:3.2%],F:5.0%,M:7.0%,n:3236	88	84.8	3.2	5	7	3236
GCF_001433935.1	Liliopsida;Petrosaviidae;commelinids;Poales;Poaceae;BOP clade;Oryzoideae;Oryzeae;Oryzinae;Oryza;Oryza sativa;Oryza sativa Japonica Group	Eukaryota;Streptophyta;Magnoliopsida;Poales;Poaceae;Oryza;Oryza sativa	38104	liliopsida_odb10	C:97.3%[S:95.4%,D:1.9%],F:2.3%,M:0.4%,n:3236	97.3	95.4	1.9	2.3	0.4	3236
GCA_023646675.1	Liliopsida;Petrosaviidae;commelinids;Poales;Poaceae;BOP clade;Pooideae;Poodae;Poeae;Poeae Chloroplast Group 1 (Aveneae type);Aveninae;Avena;Avena sativa	Eukaryota;Streptophyta;Magnoliopsida;Poales;Poaceae;Avena;Avena sativa	140237	liliopsida_odb10	C:98.8%[S:2.6%,D:96.2%],F:0.9%,M:0.3%,n:3236	98.8	2.6	96.2	0.9	0.3	3236
GCA_000005505.4	Liliopsida;Petrosaviidae;commelinids;Poales;Poaceae;BOP clade;Pooideae;Stipodae;Brachypodieae;Brachypodium;Brachypodium distachyon	Eukaryota;Streptophyta;Magnoliopsida;Poales;Poaceae;Brachypodium;Brachypodium distachyon	31709	liliopsida_odb10	C:97.0%[S:95.4%,D:1.6%],F:2.5%,M:0.5%,n:3236	97	95.4	1.6	2.5	0.5	3236
GCA_904849725.1	Liliopsida;Petrosaviidae;commelinids;Poales;Poaceae;BOP clade;Pooideae;Triticodae;Triticeae;Hordeinae;Hordeum;Hordeum vulgare;Hordeum vulgare subsp. vulgare	Eukaryota;Streptophyta;Magnoliopsida;Poales;Poaceae;Hordeum;Hordeum vulgare	51568	liliopsida_odb10	C:96.0%[S:92.5%,D:3.5%],F:3.1%,M:0.9%,n:3236	96	92.5	3.5	3.1	0.9	3236
GCA_902687465.1	Liliopsida;Petrosaviidae;commelinids;Poales;Poaceae;BOP clade;Pooideae;Triticodae;Triticeae;Hordeinae;Secale;Secale cereale	Eukaryota;Streptophyta;Magnoliopsida;Poales;Poaceae;Secale;Secale cereale	82130	liliopsida_odb10	C:96.3%[S:89.7%,D:6.6%],F:2.7%,M:1.0%,n:3236	96.3	89.7	6.6	2.7	1	3236
GCA_021605205.1	Liliopsida;Petrosaviidae;commelinids;Poales;Poaceae;BOP clade;Pooideae;Triticodae;Triticeae;Triticinae;Aegilops;Aegilops longissima	Eukaryota;Streptophyta;Magnoliopsida;Poales;Poaceae;Aegilops;Aegilops longissima	79806	liliopsida_odb10	C:92.8%[S:88.7%,D:4.1%],F:3.3%,M:3.9%,n:3236	92.8	88.7	4.1	3.3	3.9	3236
GCF_002575655.2	Liliopsida;Petrosaviidae;commelinids;Poales;Poaceae;BOP clade;Pooideae;Triticodae;Triticeae;Triticinae;Aegilops;Aegilops tauschii;Aegilops tauschii subsp. strangulata	Eukaryota;Streptophyta;Magnoliopsida;Poales;Poaceae;Aegilops;Aegilops tauschii	134333	liliopsida_odb10	C:96.1%[S:92.4%,D:3.7%],F:3.1%,M:0.8%,n:3236	96.1	92.4	3.7	3.1	0.8	3236
GCA_018294505.1	Liliopsida;Petrosaviidae;commelinids;Poales;Poaceae;BOP clade;Pooideae;Triticodae;Triticeae;Triticinae;Triticum;Triticum aestivum	Eukaryota;Streptophyta;Magnoliopsida;Poales;Poaceae;Triticum;Triticum aestivum	310065	liliopsida_odb10	C:98.9%[S:2.1%,D:96.8%],F:1.0%,M:0.1%,n:3236	98.9	2.1	96.8	1	0.1	3236
GCA_030411765.1	Liliopsida;Petrosaviidae;commelinids;Poales;Poaceae;PACMAD clade;Chloridoideae;Cynodonteae;Eleusininae;Eleusine;Eleusine indica	Eukaryota;Streptophyta;Magnoliopsida;Poales;Poaceae;Eleusine;Eleusine indica	34637	liliopsida_odb10	C:96.9%[S:94.3%,D:2.6%],F:2.6%,M:0.5%,n:3236	96.9	94.3	2.6	2.6	0.5	3236
GCA_903166285.1	Liliopsida;Petrosaviidae;commelinids;Poales;Poaceae;PACMAD clade;Panicoideae;Andropogonodae;Andropogoneae;Sorghinae;Sorghum;Sorghum bicolor	Eukaryota;Streptophyta;Magnoliopsida;Poales;Poaceae;Sorghum;Sorghum bicolor	31505	liliopsida_odb10	C:97.1%[S:94.9%,D:2.2%],F:2.4%,M:0.5%,n:3236	97.1	94.9	2.2	2.4	0.5	3236
GCF_902167145.1	Liliopsida;Petrosaviidae;commelinids;Poales;Poaceae;PACMAD clade;Panicoideae;Andropogonodae;Andropogoneae;Tripsacinae;Zea;Zea mays	Eukaryota;Streptophyta;Magnoliopsida;Poales;Poaceae;Zea;Zea mays	42058	liliopsida_odb10	C:95.9%[S:79.4%,D:16.5%],F:3.5%,M:0.6%,n:3236	95.9	79.4	16.5	3.5	0.6	3236
GCA_005286985.2	Liliopsida;Petrosaviidae;commelinids;Poales;Poaceae;PACMAD clade;Panicoideae;Panicodae;Paniceae;Cenchrinae;Setaria;Setaria viridis	Eukaryota;Streptophyta;Magnoliopsida;Poales;Poaceae;Setaria;Setaria viridis	35813	liliopsida_odb10	C:97.4%[S:95.1%,D:2.3%],F:2.4%,M:0.2%,n:3236	97.4	95.1	2.3	2.4	0.2	3236
GCA_019359835.1	Liliopsida;Petrosaviidae;commelinids;Poales;Poaceae;Pharoideae;Phareae;Pharus;Pharus latifolius	Eukaryota;Streptophyta;Magnoliopsida;Poales;Poaceae;Pharus;Pharus latifolius	36487	liliopsida_odb10	C:95.4%[S:91.1%,D:4.3%],F:3.5%,M:1.1%,n:3236	95.4	91.1	4.3	3.5	1.1	3236
GCA_020740505.1	Liliopsida;Petrosaviidae;commelinids;Poales;Typhaceae;Typha;Typha latifolia	Eukaryota;Streptophyta;Magnoliopsida;Poales;Typhaceae;Typha;Typha latifolia	27866	liliopsida_odb10	C:94.6%[S:77.8%,D:16.8%],F:4.1%,M:1.3%,n:3236	94.6	77.8	16.8	4.1	1.3	3236
GCA_032878535.1	Liliopsida;Petrosaviidae;commelinids;Zingiberales;Musaceae;Musa;Musa acuminata;Musa acuminata subsp. acuminata;Musa acuminata var. zebrina	Eukaryota;Streptophyta;Magnoliopsida;Zingiberales;Musaceae;Musa;Musa acuminata	36594	liliopsida_odb10	C:94.7%[S:81.9%,D:12.8%],F:4.3%,M:1.0%,n:3236	94.7	81.9	12.8	4.3	1	3236
GCA_018446385.1	Liliopsida;Petrosaviidae;commelinids;Zingiberales;Zingiberaceae;Zingiber;Zingiber officinale	Eukaryota;Streptophyta;Magnoliopsida;Zingiberales;Zingiberaceae;Zingiber;Zingiber officinale	74001	liliopsida_odb10	C:92.9%[S:12.5%,D:80.4%],F:4.8%,M:2.3%,n:3236	92.9	12.5	80.4	4.8	2.3	3236
GCF_009730915.1	Liliopsida;Petrosaviidae;Dioscoreales;Dioscoreaceae;Dioscorea;Dioscorea cayenensis;Dioscorea cayenensis subsp. rotundata	Eukaryota;Streptophyta;Magnoliopsida;Dioscoreales;Dioscoreaceae;Dioscorea;Dioscorea cayenensis	28737	liliopsida_odb10	C:85.8%[S:79.9%,D:5.9%],F:8.7%,M:5.5%,n:3236	85.8	79.9	5.9	8.7	5.5	3236
GCA_019914995.1	Liliopsida;Petrosaviidae;Pandanales;Velloziaceae;Acanthochlamys;Acanthochlamys bracteata	Eukaryota;Streptophyta;Magnoliopsida;Pandanales;Velloziaceae;Acanthochlamys;Acanthochlamys bracteata	25661	liliopsida_odb10	C:91.8%[S:82.3%,D:9.5%],F:4.2%,M:4.0%,n:3236	91.8	82.3	9.5	4.2	4	3236
